trade_date,open,high,low,close,volume,Ticker
,^GSPC,^GSPC,^GSPC,^GSPC,^GSPC,
2023-06-01,4183.029785,4232.430176,4171.640137,4221.02002,4391860000,S&P 500
2023-06-02,4241.009766,4290.669922,4241.009766,4282.370117,4454200000,S&P 500
2023-06-05,4282.990234,4299.279785,4266.819824,4273.790039,3813290000,S&P 500
2023-06-06,4271.339844,4288.330078,4263.089844,4283.850098,3996560000,S&P 500
2023-06-07,4285.470215,4299.189941,4263.959961,4267.52002,4537800000,S&P 500
2023-06-08,4268.689941,4298.009766,4261.069824,4293.930176,3826740000,S&P 500
2023-06-09,4304.879883,4322.620117,4291.700195,4298.859863,3786510000,S&P 500
2023-06-12,4308.319824,4340.129883,4304.370117,4338.930176,3945670000,S&P 500
2023-06-13,4352.609863,4375.370117,4349.310059,4369.009766,4275400000,S&P 500
2023-06-14,4366.290039,4391.819824,4337.850098,4372.589844,4252110000,S&P 500
2023-06-15,4365.330078,4439.200195,4362.600098,4425.839844,4176690000,S&P 500
2023-06-16,4440.950195,4448.470215,4407.439941,4409.589844,6848600000,S&P 500
2023-06-20,4396.109863,4400.149902,4367.189941,4388.709961,4055790000,S&P 500
2023-06-21,4380.009766,4386.220215,4360.140137,4365.689941,3709330000,S&P 500
2023-06-22,4355.399902,4382.25,4351.819824,4381.890137,3511000000,S&P 500
2023-06-23,4354.169922,4366.549805,4341.339844,4348.330078,6053620000,S&P 500
2023-06-26,4344.839844,4362.060059,4328.080078,4328.819824,3415030000,S&P 500
2023-06-27,4337.359863,4384.419922,4335,4378.410156,3573500000,S&P 500
2023-06-28,4367.47998,4390.350098,4360.220215,4376.859863,3739330000,S&P 500
2023-06-29,4374.939941,4398.390137,4371.970215,4396.439941,3696660000,S&P 500
2023-06-30,4422.439941,4458.47998,4422.439941,4450.379883,3923450000,S&P 500
2023-07-03,4450.47998,4456.459961,4442.290039,4455.589844,2034280000,S&P 500
2023-07-05,4442.040039,4454.060059,4436.609863,4446.819824,3482620000,S&P 500
2023-07-06,4422.620117,4422.620117,4385.049805,4411.589844,3682020000,S&P 500
2023-07-07,4404.540039,4440.390137,4397.399902,4398.950195,3630480000,S&P 500
2023-07-10,4394.22998,4412.600098,4389.919922,4409.529785,3429600000,S&P 500
2023-07-11,4415.549805,4443.640137,4408.459961,4439.259766,3624220000,S&P 500
2023-07-12,4467.689941,4488.339844,4463.22998,4472.160156,3920290000,S&P 500
2023-07-13,4491.5,4517.379883,4489.359863,4510.040039,3839530000,S&P 500
2023-07-14,4514.609863,4527.759766,4499.560059,4505.419922,3647450000,S&P 500
2023-07-17,4508.859863,4532.850098,4504.899902,4522.790039,3538240000,S&P 500
2023-07-18,4521.779785,4562.299805,4514.589844,4554.97998,4090010000,S&P 500
2023-07-19,4563.870117,4578.430176,4557.47998,4565.720215,4115670000,S&P 500
2023-07-20,4554.379883,4564.740234,4527.560059,4534.870117,3761770000,S&P 500
2023-07-21,4550.160156,4555,4535.790039,4536.339844,3570190000,S&P 500
2023-07-24,4543.390137,4563.410156,4541.290039,4554.640137,3856250000,S&P 500
2023-07-25,4555.189941,4580.620117,4552.419922,4567.459961,3812470000,S&P 500
2023-07-26,4558.959961,4582.470215,4547.580078,4566.75,3990290000,S&P 500
2023-07-27,4598.259766,4607.069824,4528.560059,4537.410156,4553210000,S&P 500
2023-07-28,4565.75,4590.160156,4564.009766,4582.22998,3981010000,S&P 500
2023-07-31,4584.819824,4594.220215,4573.140137,4588.959961,4503600000,S&P 500
2023-08-01,4578.830078,4584.620117,4567.529785,4576.72998,4042370000,S&P 500
2023-08-02,4550.930176,4550.930176,4505.75,4513.390137,4270710000,S&P 500
2023-08-03,4494.27002,4519.490234,4485.540039,4501.890137,4149120000,S&P 500
2023-08-04,4513.959961,4540.339844,4474.549805,4478.029785,4143310000,S&P 500
2023-08-07,4491.580078,4519.839844,4491.149902,4518.439941,3493920000,S&P 500
2023-08-08,4498.029785,4503.310059,4464.390137,4499.379883,3884910000,S&P 500
2023-08-09,4501.569824,4502.439941,4461.330078,4467.709961,3803100000,S&P 500
2023-08-10,4487.160156,4527.370117,4457.919922,4468.830078,4504370000,S&P 500
2023-08-11,4450.689941,4476.22998,4443.97998,4464.049805,3753290000,S&P 500
2023-08-14,4458.129883,4490.330078,4453.439941,4489.720215,3896410000,S&P 500
2023-08-15,4478.870117,4478.870117,4432.189941,4437.859863,3832250000,S&P 500
2023-08-16,4433.790039,4449.950195,4403.549805,4404.330078,3753910000,S&P 500
2023-08-17,4416.319824,4421.169922,4364.830078,4370.359863,3943700000,S&P 500
2023-08-18,4344.879883,4381.819824,4335.310059,4369.709961,3940400000,S&P 500
2023-08-21,4380.279785,4407.549805,4360.299805,4399.77002,3726850000,S&P 500
2023-08-22,4415.330078,4418.589844,4382.77002,4387.549805,3522760000,S&P 500
2023-08-23,4396.439941,4443.180176,4396.439941,4436.009766,3837270000,S&P 500
2023-08-24,4455.160156,4458.299805,4375.549805,4376.310059,3723470000,S&P 500
2023-08-25,4389.379883,4418.459961,4356.290039,4405.709961,3296180000,S&P 500
2023-08-28,4426.029785,4439.560059,4414.97998,4433.310059,2957230000,S&P 500
2023-08-29,4432.75,4500.140137,4431.680176,4497.629883,3354820000,S&P 500
2023-08-30,4500.339844,4521.649902,4493.589844,4514.870117,3064110000,S&P 500
2023-08-31,4517.009766,4532.259766,4507.390137,4507.660156,3946360000,S&P 500
2023-09-01,4530.600098,4541.25,4501.350098,4515.77002,3246260000,S&P 500
2023-09-05,4510.060059,4514.290039,4496.009766,4496.830078,3526250000,S&P 500
2023-09-06,4490.350098,4490.350098,4442.379883,4465.47998,3418850000,S&P 500
2023-09-07,4434.549805,4457.810059,4430.459961,4451.140137,3763760000,S&P 500
2023-09-08,4451.299805,4473.529785,4448.379883,4457.490234,3259290000,S&P 500
2023-09-11,4480.97998,4490.77002,4467.890137,4487.459961,3369920000,S&P 500
2023-09-12,4473.27002,4487.109863,4456.830078,4461.899902,3435740000,S&P 500
2023-09-13,4462.649902,4479.390137,4453.52002,4467.439941,3529430000,S&P 500
2023-09-14,4487.779785,4511.990234,4478.689941,4505.100098,3648720000,S&P 500
2023-09-15,4497.97998,4497.97998,4447.209961,4450.319824,6932230000,S&P 500
2023-09-18,4445.129883,4466.359863,4442.109863,4453.529785,3161230000,S&P 500
2023-09-19,4445.410156,4449.850098,4416.609863,4443.950195,3614880000,S&P 500
2023-09-20,4452.810059,4461.029785,4401.379883,4402.200195,3308450000,S&P 500
2023-09-21,4374.359863,4375.700195,4329.169922,4330,3662340000,S&P 500
2023-09-22,4341.740234,4357.399902,4316.490234,4320.060059,3349570000,S&P 500
2023-09-25,4310.620117,4338.509766,4302.700195,4337.439941,3195650000,S&P 500
2023-09-26,4312.879883,4313.009766,4265.97998,4273.529785,3472340000,S&P 500
2023-09-27,4282.629883,4292.069824,4238.629883,4274.509766,3875880000,S&P 500
2023-09-28,4269.649902,4317.27002,4264.379883,4299.700195,3846230000,S&P 500
2023-09-29,4328.180176,4333.149902,4274.859863,4288.049805,3865960000,S&P 500
2023-10-02,4284.52002,4300.580078,4260.209961,4288.390137,3938660000,S&P 500
2023-10-03,4269.75,4281.149902,4216.450195,4229.450195,3953830000,S&P 500
2023-10-04,4233.830078,4268.5,4220.47998,4263.75,3777600000,S&P 500
2023-10-05,4259.310059,4267.129883,4225.910156,4258.189941,3581470000,S&P 500
2023-10-06,4234.790039,4324.100098,4219.549805,4308.5,3902030000,S&P 500
2023-10-09,4289.02002,4341.72998,4283.790039,4335.660156,3174630000,S&P 500
2023-10-10,4339.75,4385.459961,4339.640137,4358.240234,3520240000,S&P 500
2023-10-11,4366.589844,4378.640137,4345.339844,4376.950195,3601660000,S&P 500
2023-10-12,4380.939941,4385.850098,4325.430176,4349.609863,3713140000,S&P 500
2023-10-13,4360.490234,4377.100098,4311.970215,4327.779785,3566560000,S&P 500
2023-10-16,4342.370117,4383.330078,4342.370117,4373.629883,3409960000,S&P 500
2023-10-17,4345.22998,4393.569824,4337.540039,4373.200195,3794850000,S&P 500
2023-10-18,4357.350098,4364.200195,4303.839844,4314.600098,3686030000,S&P 500
2023-10-19,4321.359863,4339.540039,4269.689941,4278,3969730000,S&P 500
2023-10-20,4273.850098,4276.560059,4223.029785,4224.160156,4004030000,S&P 500
2023-10-23,4210.399902,4255.839844,4189.220215,4217.040039,3776100000,S&P 500
2023-10-24,4235.790039,4259.379883,4219.430176,4247.680176,3821820000,S&P 500
2023-10-25,4232.419922,4232.419922,4181.419922,4186.77002,3869370000,S&P 500
2023-10-26,4175.990234,4183.600098,4127.899902,4137.22998,4277640000,S&P 500
2023-10-27,4152.930176,4156.700195,4103.779785,4117.370117,4019500000,S&P 500
2023-10-30,4139.390137,4177.470215,4132.939941,4166.819824,3911140000,S&P 500
2023-10-31,4171.330078,4195.549805,4153.120117,4193.799805,4249470000,S&P 500
2023-11-01,4201.27002,4245.640137,4197.740234,4237.859863,4224900000,S&P 500
2023-11-02,4268.259766,4319.720215,4268.259766,4317.779785,4669780000,S&P 500
2023-11-03,4334.22998,4373.620117,4334.22998,4358.339844,4570960000,S&P 500
2023-11-06,4364.27002,4372.209961,4347.529785,4365.97998,3656340000,S&P 500
2023-11-07,4366.209961,4386.259766,4355.410156,4378.379883,3791230000,S&P 500
2023-11-08,4384.370117,4391.200195,4359.759766,4382.779785,3729510000,S&P 500
2023-11-09,4391.410156,4393.399902,4343.939941,4347.350098,3900780000,S&P 500
2023-11-10,4364.149902,4418.029785,4353.339844,4415.240234,3665080000,S&P 500
2023-11-13,4406.660156,4421.759766,4393.819824,4411.549805,3326240000,S&P 500
2023-11-14,4458.970215,4508.669922,4458.970215,4495.700195,4700350000,S&P 500
2023-11-15,4505.299805,4521.169922,4495.310059,4502.879883,4347170000,S&P 500
2023-11-16,4497.080078,4511.990234,4487.830078,4508.240234,3964520000,S&P 500
2023-11-17,4509.549805,4520.120117,4499.660156,4514.02002,3777240000,S&P 500
2023-11-20,4511.700195,4557.109863,4510.359863,4547.379883,3644790000,S&P 500
2023-11-21,4538.77002,4542.140137,4525.509766,4538.189941,3511080000,S&P 500
2023-11-22,4553.040039,4568.430176,4545.049805,4556.620117,3042810000,S&P 500
2023-11-24,4555.839844,4560.310059,4552.799805,4559.339844,1639500000,S&P 500
2023-11-27,4554.859863,4560.52002,4546.319824,4550.430176,3403990000,S&P 500
2023-11-28,4545.549805,4568.140137,4540.509766,4554.890137,3586240000,S&P 500
2023-11-29,4571.839844,4587.640137,4547.149902,4550.580078,4418760000,S&P 500
2023-11-30,4554.870117,4569.890137,4537.240234,4567.799805,5399300000,S&P 500
2023-12-01,4559.430176,4599.390137,4554.709961,4594.629883,4397120000,S&P 500
2023-12-04,4564.370117,4572.370117,4546.720215,4569.779785,4369910000,S&P 500
2023-12-05,4557.25,4578.560059,4551.680176,4567.180176,3909950000,S&P 500
2023-12-06,4586.22998,4590.740234,4546.5,4549.339844,4245680000,S&P 500
2023-12-07,4568.839844,4590.919922,4565.220215,4585.589844,3818880000,S&P 500
2023-12-08,4576.200195,4609.22998,4574.060059,4604.370117,3707010000,S&P 500
2023-12-11,4593.390137,4623.709961,4593.390137,4622.439941,3823210000,S&P 500
2023-12-12,4618.299805,4643.930176,4608.089844,4643.700195,3808380000,S&P 500
2023-12-13,4646.200195,4709.689941,4643.22998,4707.089844,5063650000,S&P 500
2023-12-14,4721.040039,4738.569824,4694.339844,4719.549805,6314040000,S&P 500
2023-12-15,4714.22998,4725.529785,4704.689941,4719.189941,8218980000,S&P 500
2023-12-18,4725.580078,4749.52002,4725.580078,4740.560059,4060340000,S&P 500
2023-12-19,4743.720215,4768.689941,4743.720215,4768.370117,4026970000,S&P 500
2023-12-20,4764.72998,4778.009766,4697.819824,4698.350098,4201320000,S&P 500
2023-12-21,4724.290039,4748.709961,4708.350098,4746.75,3431180000,S&P 500
2023-12-22,4753.919922,4772.939941,4736.77002,4754.629883,3046770000,S&P 500
2023-12-26,4758.859863,4784.720215,4758.450195,4774.75,2513910000,S&P 500
2023-12-27,4773.450195,4785.390137,4768.899902,4781.580078,2748450000,S&P 500
2023-12-28,4786.439941,4793.299805,4780.97998,4783.350098,2698860000,S&P 500
2023-12-29,4782.879883,4788.430176,4751.990234,4769.830078,3126060000,S&P 500
2024-01-02,4745.200195,4754.330078,4722.669922,4742.830078,3743050000,S&P 500
2024-01-03,4725.069824,4729.290039,4699.709961,4704.810059,3950760000,S&P 500
2024-01-04,4697.419922,4726.779785,4687.529785,4688.680176,3715480000,S&P 500
2024-01-05,4690.569824,4721.490234,4682.109863,4697.240234,3844370000,S&P 500
2024-01-08,4703.700195,4764.540039,4699.819824,4763.540039,3742320000,S&P 500
2024-01-09,4741.930176,4765.470215,4730.350098,4756.5,3529960000,S&P 500
2024-01-10,4759.939941,4790.799805,4756.200195,4783.450195,3498680000,S&P 500
2024-01-11,4792.129883,4798.5,4739.580078,4780.240234,3759890000,S&P 500
2024-01-12,4791.180176,4802.399902,4768.97998,4783.830078,3486340000,S&P 500
2024-01-16,4772.350098,4782.339844,4747.120117,4765.97998,4260550000,S&P 500
2024-01-17,4739.129883,4744.22998,4714.819824,4739.209961,3928600000,S&P 500
2024-01-18,4760.100098,4785.790039,4740.569824,4780.939941,4019000000,S&P 500
2024-01-19,4796.279785,4842.069824,4785.870117,4839.810059,4287200000,S&P 500
2024-01-22,4853.419922,4868.410156,4844.049805,4850.430176,4297610000,S&P 500
2024-01-23,4856.799805,4866.47998,4844.370117,4864.600098,3912800000,S&P 500
2024-01-24,4888.560059,4903.680176,4865.939941,4868.549805,4330030000,S&P 500
2024-01-25,4886.660156,4898.149902,4869.339844,4894.160156,4020430000,S&P 500
2024-01-26,4888.910156,4906.689941,4881.470215,4890.970215,3353400000,S&P 500
2024-01-29,4892.950195,4929.310059,4887.399902,4927.930176,3525160000,S&P 500
2024-01-30,4925.890137,4931.089844,4916.27002,4924.970215,3836130000,S&P 500
2024-01-31,4899.189941,4906.75,4845.149902,4845.649902,4696120000,S&P 500
2024-02-01,4861.109863,4906.970215,4853.52002,4906.189941,4386090000,S&P 500
2024-02-02,4916.060059,4975.290039,4907.990234,4958.609863,3974350000,S&P 500
2024-02-05,4957.189941,4957.189941,4918.089844,4942.810059,4023640000,S&P 500
2024-02-06,4950.160156,4957.77002,4934.879883,4954.22998,4440880000,S&P 500
2024-02-07,4973.049805,4999.890137,4969.049805,4995.060059,4895590000,S&P 500
2024-02-08,4995.160156,5000.399902,4987.089844,4997.910156,4341860000,S&P 500
2024-02-09,5004.169922,5030.060059,5000.339844,5026.609863,3912990000,S&P 500
2024-02-12,5026.830078,5048.390137,5016.830078,5021.839844,3805740000,S&P 500
2024-02-13,4967.939941,4971.299805,4920.310059,4953.169922,4302190000,S&P 500
2024-02-14,4976.439941,5002.52002,4956.450195,5000.620117,3845600000,S&P 500
2024-02-15,5003.140137,5032.720215,4999.439941,5029.72998,4137970000,S&P 500
2024-02-16,5031.129883,5038.700195,4999.52002,5005.569824,3833270000,S&P 500
2024-02-20,4989.319824,4993.709961,4955.02002,4975.509766,4034880000,S&P 500
2024-02-21,4963.029785,4983.209961,4946,4981.799805,3788390000,S&P 500
2024-02-22,5038.830078,5094.390137,5038.830078,5087.029785,4051710000,S&P 500
2024-02-23,5100.919922,5111.060059,5081.459961,5088.799805,3672790000,S&P 500
2024-02-26,5093,5097.660156,5068.910156,5069.529785,3683930000,S&P 500
2024-02-27,5074.600098,5080.689941,5057.290039,5078.180176,3925950000,S&P 500
2024-02-28,5067.200195,5077.370117,5058.350098,5069.759766,3789370000,S&P 500
2024-02-29,5085.359863,5104.990234,5061.890137,5096.27002,5219740000,S&P 500
2024-03-01,5098.509766,5140.330078,5094.160156,5137.080078,4748110000,S&P 500
2024-03-04,5130.990234,5149.669922,5127.180176,5130.950195,4758440000,S&P 500
2024-03-05,5110.52002,5114.540039,5056.819824,5078.649902,4418410000,S&P 500
2024-03-06,5108.029785,5127.970215,5092.220215,5104.759766,4559050000,S&P 500
2024-03-07,5132.379883,5165.620117,5128.209961,5157.359863,4137980000,S&P 500
2024-03-08,5164.459961,5189.259766,5117.5,5123.689941,4208870000,S&P 500
2024-03-11,5111.959961,5124.660156,5091.140137,5117.939941,3896430000,S&P 500
2024-03-12,5134.299805,5179.870117,5114.47998,5175.27002,4080510000,S&P 500
2024-03-13,5173.490234,5179.140137,5151.879883,5165.310059,4282890000,S&P 500
2024-03-14,5175.140137,5176.850098,5123.299805,5150.47998,4687970000,S&P 500
2024-03-15,5123.310059,5136.859863,5104.350098,5117.089844,7753670000,S&P 500
2024-03-18,5154.77002,5175.600098,5145.470215,5149.419922,4036220000,S&P 500
2024-03-19,5139.089844,5180.310059,5131.589844,5178.509766,4031760000,S&P 500
2024-03-20,5181.689941,5226.189941,5171.549805,5224.620117,4064850000,S&P 500
2024-03-21,5253.430176,5261.100098,5240.660156,5241.529785,4207730000,S&P 500
2024-03-22,5242.47998,5246.089844,5229.870117,5234.180176,3374700000,S&P 500
2024-03-25,5219.52002,5229.089844,5216.089844,5218.189941,3331360000,S&P 500
2024-03-26,5228.850098,5235.160156,5203.419922,5203.580078,3871790000,S&P 500
2024-03-27,5226.310059,5249.259766,5213.919922,5248.490234,3850500000,S&P 500
2024-03-28,5248.029785,5264.850098,5245.819824,5254.350098,3998270000,S&P 500
2024-04-01,5257.970215,5263.950195,5229.200195,5243.77002,3325930000,S&P 500
2024-04-02,5204.290039,5208.339844,5184.049805,5205.810059,3886590000,S&P 500
2024-04-03,5194.370117,5228.75,5194.370117,5211.490234,3703250000,S&P 500
2024-04-04,5244.049805,5256.589844,5146.060059,5147.209961,4075680000,S&P 500
2024-04-05,5158.950195,5222.180176,5157.209961,5204.339844,3386780000,S&P 500
2024-04-08,5211.370117,5219.569824,5197.350098,5202.390137,3278180000,S&P 500
2024-04-09,5217.029785,5224.810059,5160.779785,5209.910156,3400680000,S&P 500
2024-04-10,5167.879883,5178.430176,5138.700195,5160.640137,3845930000,S&P 500
2024-04-11,5172.950195,5211.779785,5138.77002,5199.060059,3509380000,S&P 500
2024-04-12,5171.509766,5175.029785,5107.939941,5123.410156,3963220000,S&P 500
2024-04-15,5149.669922,5168.430176,5052.470215,5061.819824,3950210000,S&P 500
2024-04-16,5064.589844,5079.839844,5039.830078,5051.410156,4006200000,S&P 500
2024-04-17,5068.970215,5077.959961,5007.25,5022.209961,3596130000,S&P 500
2024-04-18,5031.52002,5056.660156,5001.890137,5011.120117,3619760000,S&P 500
2024-04-19,5005.439941,5019.02002,4953.560059,4967.22998,3878750000,S&P 500
2024-04-22,4987.330078,5038.839844,4969.399902,5010.600098,3820250000,S&P 500
2024-04-23,5028.850098,5076.120117,5027.959961,5070.549805,3751400000,S&P 500
2024-04-24,5084.859863,5089.47998,5047.02002,5071.629883,3656740000,S&P 500
2024-04-25,5019.879883,5057.75,4990.580078,5048.419922,3958050000,S&P 500
2024-04-26,5084.649902,5114.620117,5073.140137,5099.959961,3604140000,S&P 500
2024-04-29,5114.129883,5123.490234,5088.649902,5116.169922,3447450000,S&P 500
2024-04-30,5103.779785,5110.830078,5035.310059,5035.689941,4082470000,S&P 500
2024-05-01,5029.029785,5096.120117,5013.450195,5018.390137,4544170000,S&P 500
2024-05-02,5049.319824,5073.209961,5011.049805,5064.200195,4381660000,S&P 500
2024-05-03,5122.779785,5139.120117,5101.220215,5127.790039,3924990000,S&P 500
2024-05-06,5142.419922,5181,5142.419922,5180.740234,3683250000,S&P 500
2024-05-07,5187.200195,5200.22998,5178.959961,5187.700195,3987890000,S&P 500
2024-05-08,5168.97998,5191.950195,5165.859863,5187.669922,3842100000,S&P 500
2024-05-09,5189.029785,5215.299805,5180.410156,5214.080078,3727370000,S&P 500
2024-05-10,5225.490234,5239.660156,5209.680176,5222.680176,3617900000,S&P 500
2024-05-13,5233.080078,5237.259766,5211.160156,5221.419922,4255710000,S&P 500
2024-05-14,5221.100098,5250.370117,5217.97998,5246.680176,4763580000,S&P 500
2024-05-15,5263.259766,5311.759766,5263.259766,5308.149902,4360810000,S&P 500
2024-05-16,5310.069824,5325.490234,5296.189941,5297.100098,3817470000,S&P 500
2024-05-17,5303.100098,5305.450195,5283.589844,5303.27002,3578120000,S&P 500
2024-05-20,5305.350098,5325.319824,5302.399902,5308.129883,3420100000,S&P 500
2024-05-21,5298.689941,5324.319824,5297.870117,5321.410156,3662240000,S&P 500
2024-05-22,5319.279785,5323.180176,5286.009766,5307.009766,3847130000,S&P 500
2024-05-23,5340.259766,5341.879883,5256.930176,5267.839844,3869520000,S&P 500
2024-05-24,5281.450195,5311.649902,5278.390137,5304.720215,3005510000,S&P 500
2024-05-28,5315.910156,5315.910156,5280.890137,5306.040039,3751540000,S&P 500
2024-05-29,5278.72998,5282.27002,5262.700195,5266.950195,3552750000,S&P 500
2024-05-30,5259.77002,5260.209961,5222.100098,5235.47998,3818750000,S&P 500
2024-05-31,5243.209961,5280.330078,5191.680176,5277.509766,5437160000,S&P 500
2024-06-03,5297.149902,5302.109863,5234.319824,5283.399902,4046920000,S&P 500
2024-06-04,5278.240234,5298.799805,5257.629883,5291.339844,3707900000,S&P 500
2024-06-05,5314.47998,5354.160156,5297.640137,5354.029785,3591460000,S&P 500
2024-06-06,5357.799805,5362.350098,5335.359863,5352.959961,3609990000,S&P 500
2024-06-07,5343.810059,5375.080078,5331.330078,5346.990234,3692760000,S&P 500
2024-06-10,5341.220215,5365.790039,5331.52002,5360.790039,3622280000,S&P 500
2024-06-11,5353,5375.950195,5327.25,5375.319824,3568030000,S&P 500
2024-06-12,5409.129883,5447.25,5409.129883,5421.029785,3962840000,S&P 500
2024-06-13,5441.930176,5441.930176,5402.509766,5433.740234,3530380000,S&P 500
2024-06-14,5424.080078,5432.390137,5403.75,5431.600098,3438650000,S&P 500
2024-06-17,5431.109863,5488.5,5420.399902,5473.22998,3447840000,S&P 500
2024-06-18,5476.149902,5490.379883,5471.319824,5487.029785,3544330000,S&P 500
2024-06-20,5499.990234,5505.529785,5455.560059,5473.169922,3847060000,S&P 500
2024-06-21,5466.77002,5478.310059,5452.029785,5464.620117,6773800000,S&P 500
2024-06-24,5459.580078,5490.660156,5447.589844,5447.870117,3696750000,S&P 500
2024-06-25,5460.72998,5472.879883,5446.560059,5469.299805,3591960000,S&P 500
2024-06-26,5460.709961,5483.140137,5451.870117,5477.899902,3563920000,S&P 500
2024-06-27,5473.589844,5490.810059,5467.540039,5482.870117,3589530000,S&P 500
2024-06-28,5488.47998,5523.640137,5451.120117,5460.47998,7199220000,S&P 500
2024-07-01,5471.080078,5479.549805,5446.529785,5475.089844,3488760000,S&P 500
2024-07-02,5461.839844,5509.689941,5458.430176,5509.009766,3329950000,S&P 500
2024-07-03,5507.439941,5539.27002,5507.419922,5537.02002,2179470000,S&P 500
2024-07-05,5537.910156,5570.330078,5531.629883,5567.189941,3253080000,S&P 500
2024-07-08,5572.75,5583.109863,5562.509766,5572.850098,3185670000,S&P 500
2024-07-09,5584.240234,5590.75,5574.569824,5576.97998,3232920000,S&P 500
2024-07-10,5591.259766,5635.390137,5586.439941,5633.910156,3336100000,S&P 500
2024-07-11,5635.209961,5642.450195,5576.529785,5584.540039,4020950000,S&P 500
2024-07-12,5590.759766,5655.560059,5590.439941,5615.350098,3700280000,S&P 500
2024-07-15,5638.160156,5666.939941,5614.75,5631.220215,3620470000,S&P 500
2024-07-16,5644.089844,5669.669922,5639.02002,5667.200195,4041760000,S&P 500
2024-07-17,5610.069824,5622.490234,5584.810059,5588.27002,4246450000,S&P 500
2024-07-18,5608.560059,5614.049805,5522.810059,5544.589844,4007510000,S&P 500
2024-07-19,5543.370117,5557.5,5497.040039,5505,3760570000,S&P 500
2024-07-22,5544.540039,5570.359863,5529.040039,5564.410156,3375180000,S&P 500
2024-07-23,5565.299805,5585.339844,5550.899902,5555.740234,3500210000,S&P 500
2024-07-24,5505.839844,5508.040039,5419.97998,5427.129883,3945550000,S&P 500
2024-07-25,5428.700195,5491.589844,5390.950195,5399.220215,4592120000,S&P 500
2024-07-26,5433.669922,5488.319824,5430.700195,5459.100098,3638770000,S&P 500
2024-07-29,5476.549805,5487.740234,5444.439941,5463.540039,3379970000,S&P 500
2024-07-30,5478.72998,5489.459961,5401.700195,5436.439941,3777740000,S&P 500
2024-07-31,5505.589844,5551.509766,5493.75,5522.299805,4546910000,S&P 500
2024-08-01,5537.839844,5566.160156,5410.419922,5446.680176,4703620000,S&P 500
2024-08-02,5376.629883,5383.890137,5302.029785,5346.560059,5156450000,S&P 500
2024-08-05,5151.140137,5250.890137,5119.259766,5186.330078,5333250000,S&P 500
2024-08-06,5206.419922,5312.339844,5193.560059,5240.029785,4690190000,S&P 500
2024-08-07,5293.129883,5330.640137,5195.540039,5199.5,4558260000,S&P 500
2024-08-08,5252.569824,5328.029785,5233.850098,5319.310059,4016830000,S&P 500
2024-08-09,5314.660156,5358.669922,5300.839844,5344.160156,3516400000,S&P 500
2024-08-12,5351.879883,5371.200195,5324.370117,5344.390137,3360160000,S&P 500
2024-08-13,5376.97998,5436.5,5376.97998,5434.430176,3648980000,S&P 500
2024-08-14,5442.359863,5463.220215,5415.910156,5455.209961,3380050000,S&P 500
2024-08-15,5501.129883,5546.22998,5501.129883,5543.220215,3723310000,S&P 500
2024-08-16,5530.5,5561.97998,5525.169922,5554.25,3357690000,S&P 500
2024-08-19,5557.22998,5608.299805,5550.740234,5608.25,3222050000,S&P 500
2024-08-20,5602.879883,5620.509766,5585.5,5597.120117,2994420000,S&P 500
2024-08-21,5603.089844,5632.680176,5591.569824,5620.850098,3119670000,S&P 500
2024-08-22,5637.77002,5643.220215,5560.950195,5570.640137,2981530000,S&P 500
2024-08-23,5602.490234,5641.819824,5585.160156,5634.609863,3291940000,S&P 500
2024-08-26,5639.660156,5651.620117,5602.339844,5616.839844,2938570000,S&P 500
2024-08-27,5602.890137,5631.180176,5593.47998,5625.799805,2798990000,S&P 500
2024-08-28,5624.509766,5627.029785,5560.950195,5592.180176,3053450000,S&P 500
2024-08-29,5607.299805,5646.950195,5583.709961,5591.959961,3065640000,S&P 500
2024-08-30,5612.740234,5651.370117,5581.790039,5648.399902,4185850000,S&P 500
2024-09-03,5623.890137,5623.890137,5504.330078,5528.930176,3866350000,S&P 500
2024-09-04,5506.680176,5552.990234,5503.660156,5520.069824,3478140000,S&P 500
2024-09-05,5520.080078,5546.299805,5480.540039,5503.410156,3521650000,S&P 500
2024-09-06,5507.330078,5522.470215,5402.620117,5408.419922,3822800000,S&P 500
2024-09-09,5442.069824,5484.200195,5434.490234,5471.049805,3825940000,S&P 500
2024-09-10,5490.509766,5497.910156,5441.720215,5495.52002,3848180000,S&P 500
2024-09-11,5496.419922,5560.410156,5406.959961,5554.129883,3839450000,S&P 500
2024-09-12,5557.47998,5600.709961,5535.5,5595.759766,3655070000,S&P 500
2024-09-13,5603.339844,5636.27002,5601.649902,5626.02002,3500790000,S&P 500
2024-09-16,5615.209961,5636.049805,5604.529785,5633.089844,3437070000,S&P 500
2024-09-17,5655.509766,5670.810059,5614.049805,5634.580078,3443600000,S&P 500
2024-09-18,5641.680176,5689.75,5615.080078,5618.259766,3691390000,S&P 500
2024-09-19,5702.629883,5733.569824,5686.419922,5713.640137,4024530000,S&P 500
2024-09-20,5709.640137,5715.140137,5674.490234,5702.549805,7867260000,S&P 500
2024-09-23,5711.899902,5725.359863,5704.220215,5718.569824,3529550000,S&P 500
2024-09-24,5727.660156,5735.319824,5698.990234,5732.930176,3872710000,S&P 500
2024-09-25,5733.649902,5741.029785,5712.060059,5722.259766,3624910000,S&P 500
2024-09-26,5762.220215,5767.370117,5721.009766,5745.370117,4391180000,S&P 500
2024-09-27,5755.359863,5763.779785,5727.339844,5738.169922,3898530000,S&P 500
2024-09-30,5726.52002,5765.140137,5703.529785,5762.47998,4425730000,S&P 500
2024-10-01,5757.72998,5757.72998,5681.279785,5708.75,4025180000,S&P 500
2024-10-02,5698.140137,5719.629883,5674,5709.540039,3829050000,S&P 500
2024-10-03,5698.189941,5718.779785,5677.370117,5699.939941,3597450000,S&P 500
2024-10-04,5737.47998,5753.209961,5702.830078,5751.069824,3479400000,S&P 500
2024-10-07,5737.799805,5739.339844,5686.850098,5695.939941,3637790000,S&P 500
2024-10-08,5719.140137,5757.600098,5714.560059,5751.129883,3393400000,S&P 500
2024-10-09,5751.799805,5796.799805,5745.02002,5792.040039,3650340000,S&P 500
2024-10-10,5778.359863,5795.029785,5764.759766,5780.049805,3208790000,S&P 500
2024-10-11,5775.089844,5822.129883,5775.089844,5815.029785,3208720000,S&P 500
2024-10-14,5829.810059,5871.410156,5829.569824,5859.850098,3005250000,S&P 500
2024-10-15,5866.740234,5870.359863,5804.47998,5815.259766,3882120000,S&P 500
2024-10-16,5816.580078,5846.52002,5808.339844,5842.470215,3467230000,S&P 500
2024-10-17,5875.620117,5878.459961,5840.25,5841.470215,3480010000,S&P 500
2024-10-18,5859.430176,5872.169922,5846.109863,5864.669922,3374490000,S&P 500
2024-10-21,5857.819824,5866.919922,5824.790039,5853.97998,3407010000,S&P 500
2024-10-22,5832.700195,5863.040039,5821.169922,5851.200195,3342080000,S&P 500
2024-10-23,5834.5,5834.850098,5762.410156,5797.419922,3532650000,S&P 500
2024-10-24,5817.799805,5817.799805,5784.919922,5809.859863,3543030000,S&P 500
2024-10-25,5826.75,5862.819824,5799.97998,5808.120117,3501280000,S&P 500
2024-10-28,5833.930176,5842.919922,5823.080078,5823.52002,3691280000,S&P 500
2024-10-29,5819.680176,5847.189941,5802.169922,5832.919922,3879100000,S&P 500
2024-10-30,5832.649902,5850.939941,5811.279785,5813.669922,3851120000,S&P 500
2024-10-31,5775.339844,5775.339844,5702.859863,5705.450195,4425660000,S&P 500
2024-11-01,5723.220215,5772.52002,5723.220215,5728.799805,3796450000,S&P 500
2024-11-04,5725.149902,5741.430176,5696.509766,5712.689941,3602060000,S&P 500
2024-11-05,5722.430176,5783.439941,5722.100098,5782.759766,3768310000,S&P 500
2024-11-06,5864.890137,5936.140137,5864.890137,5929.040039,6329530000,S&P 500
2024-11-07,5947.209961,5983.839844,5947.209961,5973.100098,4925740000,S&P 500
2024-11-08,5976.759766,6012.450195,5976.759766,5995.540039,4666740000,S&P 500
2024-11-11,6008.859863,6017.310059,5986.689941,6001.350098,4333000000,S&P 500
2024-11-12,6003.600098,6009.919922,5960.080078,5983.990234,4243400000,S&P 500
2024-11-13,5985.75,6008.189941,5965.910156,5985.379883,4220180000,S&P 500
2024-11-14,5989.680176,5993.879883,5942.279785,5949.169922,4184570000,S&P 500
2024-11-15,5912.790039,5915.319824,5853.009766,5870.620117,4590960000,S&P 500
2024-11-18,5874.169922,5908.120117,5865.950195,5893.620117,3983860000,S&P 500
2024-11-19,5870.049805,5923.509766,5855.290039,5916.97998,4036940000,S&P 500
2024-11-20,5914.339844,5920.669922,5860.560059,5917.109863,3772620000,S&P 500
2024-11-21,5940.580078,5963.319824,5887.259766,5948.709961,4230120000,S&P 500
2024-11-22,5944.359863,5972.899902,5944.359863,5969.339844,4141420000,S&P 500
2024-11-25,5992.279785,6020.75,5963.910156,5987.370117,5633150000,S&P 500
2024-11-26,6000.029785,6025.419922,5992.27002,6021.629883,3835170000,S&P 500
2024-11-27,6014.109863,6020.160156,5984.870117,5998.740234,3363340000,S&P 500
2024-11-29,6003.97998,6044.169922,6003.97998,6032.379883,2444420000,S&P 500
2024-12-02,6040.109863,6053.580078,6035.330078,6047.149902,4412470000,S&P 500
2024-12-03,6042.970215,6052.069824,6033.390137,6049.879883,4095000000,S&P 500
2024-12-04,6069.390137,6089.839844,6061.060059,6086.490234,4003390000,S&P 500
2024-12-05,6089.029785,6094.549805,6072.899902,6075.109863,4212020000,S&P 500
2024-12-06,6081.379883,6099.970215,6079.97998,6090.27002,3924830000,S&P 500
2024-12-09,6083.009766,6088.509766,6048.629883,6052.850098,4556460000,S&P 500
2024-12-10,6057.589844,6065.399902,6029.890137,6034.910156,4048410000,S&P 500
2024-12-11,6060.149902,6092.589844,6060.149902,6084.189941,4269950000,S&P 500
2024-12-12,6074.290039,6079.680176,6051.25,6051.25,3678010000,S&P 500
2024-12-13,6068.169922,6078.580078,6035.77002,6051.089844,3584960000,S&P 500
2024-12-16,6063.790039,6085.189941,6059.140137,6074.080078,4391100000,S&P 500
2024-12-17,6052.549805,6057.680176,6035.189941,6050.609863,4544500000,S&P 500
2024-12-18,6047.649902,6070.669922,5867.790039,5872.160156,5246960000,S&P 500
2024-12-19,5912.709961,5935.52002,5866.069824,5867.080078,4896880000,S&P 500
2024-12-20,5842,5982.060059,5832.299805,5930.850098,8223220000,S&P 500
2024-12-23,5940.25,5978.25,5902.569824,5974.069824,3593280000,S&P 500
2024-12-24,5984.629883,6040.100098,5981.439941,6040.040039,1757720000,S&P 500
2024-12-26,6024.970215,6049.75,6007.370117,6037.589844,2904530000,S&P 500
2024-12-27,6006.169922,6006.169922,5932.950195,5970.839844,3159610000,S&P 500
2024-12-30,5920.669922,5940.790039,5869.160156,5906.939941,3433250000,S&P 500
2024-12-31,5919.740234,5929.740234,5868.859863,5881.629883,3128350000,S&P 500
2025-01-02,5903.259766,5935.089844,5829.529785,5868.549805,3621680000,S&P 500
2025-01-03,5891.069824,5949.339844,5888.660156,5942.470215,3667340000,S&P 500
2025-01-06,5982.810059,6021.040039,5960.009766,5975.379883,4940120000,S&P 500
2025-01-07,5993.259766,6000.680176,5890.680176,5909.029785,4517330000,S&P 500
2025-01-08,5910.660156,5927.890137,5874.779785,5918.25,4441740000,S&P 500
2025-01-10,5890.350098,5890.350098,5807.779785,5827.040039,4751930000,S&P 500
2025-01-13,5782.02002,5838.609863,5773.310059,5836.220215,4421200000,S&P 500
2025-01-14,5859.27002,5871.919922,5805.419922,5842.910156,4142280000,S&P 500
2025-01-15,5905.209961,5960.609863,5905.209961,5949.910156,4544570000,S&P 500
2025-01-16,5963.609863,5964.689941,5930.720215,5937.339844,4285810000,S&P 500
2025-01-17,5995.399902,6014.959961,5978.439941,5996.660156,4366830000,S&P 500
2025-01-21,6014.120117,6051.509766,6006.879883,6049.240234,4702920000,S&P 500
2025-01-22,6081.390137,6100.810059,6076.129883,6086.370117,4323040000,S&P 500
2025-01-23,6076.319824,6118.72998,6074.669922,6118.709961,4432250000,S&P 500
2025-01-24,6121.430176,6128.180176,6088.740234,6101.240234,4214250000,S&P 500
2025-01-27,5969.040039,6017.169922,5962.919922,6012.279785,5198750000,S&P 500
2025-01-28,6026.970215,6074.540039,5994.629883,6067.700195,4473640000,S&P 500
2025-01-29,6057.700195,6062.830078,6012.959961,6039.310059,4115310000,S&P 500
2025-01-30,6050.75,6086.640137,6027.459961,6071.169922,4634620000,S&P 500
2025-01-31,6096.790039,6120.910156,6030.930176,6040.529785,4843770000,S&P 500
2025-02-03,5969.649902,6022.129883,5923.930176,5994.569824,4797210000,S&P 500
2025-02-04,5998.140137,6042.47998,5990.870117,6037.879883,4410160000,S&P 500
2025-02-05,6020.450195,6062.859863,6007.060059,6061.47998,4756250000,S&P 500
2025-02-06,6072.220215,6084.029785,6046.830078,6083.569824,4847120000,S&P 500
2025-02-07,6083.129883,6101.279785,6019.959961,6025.990234,4766900000,S&P 500
2025-02-10,6046.399902,6073.379883,6044.839844,6066.439941,4458760000,S&P 500
2025-02-11,6049.319824,6076.279785,6042.339844,6068.5,4324880000,S&P 500
2025-02-12,6025.080078,6063,6003,6051.970215,4627960000,S&P 500
2025-02-13,6060.589844,6116.910156,6050.950195,6115.069824,4763800000,S&P 500
2025-02-14,6115.52002,6127.470215,6107.620117,6114.629883,4335190000,S&P 500
2025-02-18,6121.600098,6129.629883,6099.509766,6129.580078,4684980000,S&P 500
2025-02-19,6117.759766,6147.430176,6111.149902,6144.149902,4562330000,S&P 500
2025-02-20,6134.5,6134.5,6084.589844,6117.52002,4813690000,S&P 500
2025-02-21,6114.100098,6114.819824,6008.560059,6013.129883,5434560000,S&P 500
2025-02-24,6026.689941,6043.649902,5977.830078,5983.25,4990120000,S&P 500
2025-02-25,5982.72998,5992.649902,5908.490234,5955.25,5374690000,S&P 500
2025-02-26,5970.870117,6009.819824,5932.689941,5956.060059,4869580000,S&P 500
2025-02-27,5981.879883,5993.689941,5858.779785,5861.569824,5057680000,S&P 500
2025-02-28,5856.740234,5959.399902,5837.660156,5954.5,6441140000,S&P 500
2025-03-03,5968.330078,5986.089844,5810.910156,5849.720215,5613850000,S&P 500
2025-03-04,5811.97998,5865.080078,5732.589844,5778.149902,6138110000,S&P 500
2025-03-05,5781.359863,5860.589844,5742.350098,5842.629883,5285970000,S&P 500
2025-03-06,5785.870117,5812.080078,5711.640137,5738.52002,5165080000,S&P 500
2025-03-07,5726.009766,5783.009766,5666.290039,5770.200195,5705140000,S&P 500
2025-03-10,5705.370117,5705.370117,5564.02002,5614.560059,6409370000,S&P 500
2025-03-11,5603.649902,5636.299805,5528.410156,5572.069824,6221240000,S&P 500
2025-03-12,5624.839844,5642.189941,5546.089844,5599.299805,5219830000,S&P 500
2025-03-13,5594.450195,5597.779785,5504.649902,5521.52002,5018980000,S&P 500
2025-03-14,5563.850098,5645.27002,5563.850098,5638.939941,4863180000,S&P 500
2025-03-17,5635.600098,5703.52002,5631.120117,5675.120117,5031770000,S&P 500
2025-03-18,5654.529785,5654.529785,5597.759766,5614.660156,4666270000,S&P 500
2025-03-19,5632.370117,5715.330078,5622.200195,5675.290039,4660090000,S&P 500
2025-03-20,5646.919922,5711.149902,5632.330078,5662.890137,4678420000,S&P 500
2025-03-21,5630.72998,5670.839844,5603.100098,5667.560059,9367460000,S&P 500
2025-03-24,5718.080078,5775.140137,5718.080078,5767.569824,4517990000,S&P 500
2025-03-25,5775.959961,5786.950195,5760.419922,5776.649902,4467340000,S&P 500
2025-03-26,5771.660156,5783.620117,5694.410156,5712.200195,4183140000,S&P 500
2025-03-27,5695.640137,5732.279785,5670.939941,5693.310059,4403460000,S&P 500
2025-03-28,5679.200195,5685.890137,5572.419922,5580.939941,4513330000,S&P 500
2025-03-31,5527.910156,5627.560059,5488.72998,5611.850098,5257250000,S&P 500
2025-04-01,5597.529785,5650.569824,5558.52002,5633.069824,4434500000,S&P 500
2025-04-02,5580.759766,5695.310059,5571.47998,5670.970215,4243830000,S&P 500
2025-04-03,5492.740234,5499.529785,5390.830078,5396.52002,7210470000,S&P 500
2025-04-04,5292.140137,5292.140137,5069.899902,5074.080078,8853500000,S&P 500
2025-04-07,4953.790039,5246.569824,4835.040039,5062.25,8691980000,S&P 500
2025-04-08,5193.569824,5267.470215,4910.419922,4982.77002,7408140000,S&P 500
2025-04-09,4965.279785,5481.339844,4948.430176,5456.899902,9489600000,S&P 500
2025-04-10,5353.149902,5353.149902,5115.27002,5268.049805,6677140000,S&P 500
2025-04-11,5255.560059,5381.459961,5220.77002,5363.359863,5602550000,S&P 500
2025-04-14,5441.959961,5459.459961,5358.02002,5405.970215,5031440000,S&P 500
2025-04-15,5411.990234,5450.410156,5386.439941,5396.629883,4317110000,S&P 500
2025-04-16,5335.75,5367.240234,5220.790039,5275.700195,4607750000,S&P 500
2025-04-17,5305.450195,5328.310059,5255.580078,5282.700195,4714880000,S&P 500
2025-04-21,5232.939941,5232.939941,5101.629883,5158.200195,4226340000,S&P 500
2025-04-22,5207.669922,5309.609863,5207.669922,5287.759766,4666950000,S&P 500
2025-04-23,5395.919922,5469.689941,5356.169922,5375.859863,5371390000,S&P 500
2025-04-24,5381.379883,5489.399902,5371.959961,5484.77002,4697710000,S&P 500
2025-04-25,5489.72998,5528.109863,5455.859863,5525.209961,4236580000,S&P 500
2025-04-28,5529.220215,5553.660156,5468.640137,5528.75,4257880000,S&P 500
2025-04-29,5508.870117,5571.950195,5505.700195,5560.830078,4747150000,S&P 500
2025-04-30,5499.439941,5581.839844,5433.240234,5569.060059,5449490000,S&P 500
2025-05-01,5625.140137,5658.910156,5597.350098,5604.140137,4935270000,S&P 500
2025-05-02,5645.879883,5700.700195,5642.279785,5686.669922,4854380000,S&P 500
2025-05-05,5655.319824,5683.379883,5634.47998,5650.379883,4358260000,S&P 500
2025-05-06,5605.870117,5649.580078,5586.040039,5606.910156,4717260000,S&P 500
2025-05-07,5614.180176,5654.72998,5578.640137,5631.279785,4987440000,S&P 500
2025-05-08,5663.600098,5720.100098,5635.379883,5663.939941,5627400000,S&P 500
2025-05-09,5679.649902,5691.689941,5644.149902,5659.910156,4645090000,S&P 500
2025-05-12,5807.200195,5845.370117,5786.080078,5844.189941,6014580000,S&P 500
2025-05-13,5854.149902,5906.640137,5845.02002,5886.549805,5516290000,S&P 500
2025-05-14,5896.740234,5906.549805,5872.109863,5892.580078,5233450000,S&P 500
2025-05-15,5869.819824,5924.209961,5865.160156,5916.930176,4991290000,S&P 500
2025-05-16,5929.089844,5958.620117,5907.359863,5958.379883,4850850000,S&P 500
2025-05-19,5902.879883,5968.609863,5895.689941,5963.600098,4144010000,S&P 500
2025-05-20,5944.660156,5953.060059,5909.259766,5940.459961,4416850000,S&P 500
2025-05-21,5910.180176,5938.370117,5830.910156,5844.609863,5254250000,S&P 500
2025-05-22,5841.259766,5878.080078,5825.819824,5842.009766,5157050000,S&P 500
2025-05-23,5781.890137,5829.509766,5767.410156,5802.819824,4662820000,S&P 500
2025-05-27,5854.069824,5924.330078,5854.069824,5921.540039,5366380000,S&P 500
2025-05-28,5925.540039,5939.919922,5881.879883,5888.549805,4665050000,S&P 500
2025-05-29,5939.959961,5943.129883,5873.799805,5912.169922,4569750000,S&P 500
2025-05-30,5903.669922,5922.140137,5843.660156,5911.689941,6378540000,S&P 500
2025-06-02,5896.680176,5937.399902,5861.430176,5935.939941,4832240000,S&P 500
2025-06-03,5938.560059,5981.350098,5929,5970.370117,5026680000,S&P 500
2025-06-04,5978.939941,5990.47998,5966.109863,5970.810059,4767050000,S&P 500
2025-06-05,5985.669922,5999.700195,5921.200195,5939.299805,5091850000,S&P 500
2025-06-06,5987.060059,6016.870117,5978.629883,6000.359863,4355710000,S&P 500
2025-06-09,6004.629883,6021.310059,5994.180176,6005.879883,4642360000,S&P 500
2025-06-10,6009.910156,6043.009766,6000.279785,6038.810059,4882880000,S&P 500
2025-06-11,6049.379883,6059.399902,6002.319824,6022.240234,5111550000,S&P 500
2025-06-12,6009.899902,6045.430176,6003.879883,6045.259766,4669500000,S&P 500
2025-06-13,6000.560059,6026.160156,5963.209961,5976.970215,5258910000,S&P 500
2025-06-16,6004,6050.830078,6004,6033.109863,5111710000,S&P 500
2025-06-17,6012.149902,6023.25,5974.799805,5982.720215,4955700000,S&P 500
2025-06-18,5987.930176,6018.25,5971.890137,5980.870117,5106470000,S&P 500
2025-06-20,5999.669922,6018.200195,5952.560059,5967.839844,7451500000,S&P 500
2025-06-23,5969.669922,6028.77002,5943.22998,6025.169922,5597000000,S&P 500
2025-06-24,6061.209961,6101.759766,6059.25,6092.180176,5443690000,S&P 500
2025-06-25,6104.22998,6108.509766,6080.089844,6092.160156,5171110000,S&P 500
2025-06-26,6112.089844,6146.52002,6107.27002,6141.02002,5308140000,S&P 500
2025-06-27,6150.700195,6187.680176,6132.350098,6173.069824,7889350000,S&P 500
